state_code,state_name,revenue,total_miles
IL,Illinois,2241172.963994654,300297.53446526563
MI,Michigan,1067128.633910508,485920.33835802384
WI,Wisconsin,2298672.4244639077,396174.52208712266
IN,Indiana,2951910.4959615385,579380.8170094043
OH,Ohio,1702329.7537109023,374482.26273590536
IA,Iowa,1357945.0403771736,610334.7951688292
